date,indice_pct,n_paires,n_lignes,min_pct,max_pct,classe
2026-09-21,97.9,6,4,95.8,100.0,Très élevée (le portefeuille bouge comme un bloc)
2026-09-22,97.9,6,4,95.9,100.0,Très élevée (le portefeuille bouge comme un bloc)
2026-09-23,97.8,6,4,95.5,100.0,Très élevée (le portefeuille bouge comme un bloc)
2026-09-24,97.8,6,4,95.6,100.0,Très élevée (le portefeuille bouge comme un bloc)
2026-09-25,99.5,6,4,98.9,100.0,Très élevée (le portefeuille bouge comme un bloc)
2026-09-28,98.0,1,2,98.0,98.0,Très élevée (le portefeuille bouge comme un bloc)
2026-09-29,97.9,1,2,97.9,97.9,Très élevée (le portefeuille bouge comme un bloc)
2026-09-30,97.9,1,2,97.9,97.9,Très élevée (le portefeuille bouge comme un bloc)
2026-10-01,97.9,1,2,97.9,97.9,Très élevée (le portefeuille bouge comme un bloc)
