date,time,ticker,name,price_eur,cost_eur,qty,vm,pnl_brut,pnl_brut_pct,pnl_net,pnl_net_pct,score,confiance,rec
2026-09-15,01:25,WPEA.PA,MSCI WORLD,6.921,6.77,30.0,207.63,4.53,2.23,0.55,0.27,5.8,41.0,SURVEILLER
2026-09-15,01:25,PSP5.PA,S&P500,58.01,57.87,2.0,116.02,0.28,0.24,-3.7,-3.2,5.8,41.0,SURVEILLER (en moins-value)
2026-09-15,01:25,WPEA.PA,MSCI WORLD,6.921,6.59,60.0,415.26,19.86,5.02,15.88,4.02,5.8,41.0,SURVEILLER
2026-09-15,01:25,WPEA.PA,MSCI WORLD,6.921,6.48,2.0,13.84,0.88,6.79,-3.1,-23.92,5.8,41.0,SURVEILLER (en moins-value)
2026-09-16,01:09,WPEA.PA,MSCI WORLD,6.893,6.77,30.0,206.79,3.69,1.82,-0.29,-0.14,6.27,100.0,A EXAMINER (peu de criteres)
2026-09-16,01:09,PSP5.PA,S&P500,57.76,57.87,2.0,115.52,-0.22,-0.19,-4.2,-3.63,6.27,100.0,A EXAMINER (peu de criteres)
2026-09-16,01:09,WPEA.PA,MSCI WORLD,6.893,6.59,60.0,413.58,18.18,4.6,14.2,3.59,6.27,100.0,A EXAMINER (peu de criteres)
2026-09-16,01:09,WPEA.PA,MSCI WORLD,6.893,6.48,2.0,13.79,0.83,6.4,-3.15,-24.31,6.27,100.0,A EXAMINER (peu de criteres)
2026-09-17,01:14,WPEA.PA,MSCI WORLD,6.931,6.77,30.0,207.93,4.83,2.38,0.85,0.42,6.27,100.0,A EXAMINER (peu de criteres)
2026-09-17,01:14,PSP5.PA,S&P500,58.03,57.87,2.0,116.06,0.32,0.28,-3.66,-3.16,6.27,100.0,A EXAMINER (peu de criteres)
2026-09-17,01:14,WPEA.PA,MSCI WORLD,6.931,6.59,60.0,415.86,20.46,5.17,16.48,4.17,6.27,100.0,A EXAMINER (peu de criteres)
2026-09-17,01:14,WPEA.PA,MSCI WORLD,6.931,6.48,2.0,13.86,0.9,6.94,-3.08,-23.77,6.27,100.0,A EXAMINER (peu de criteres)
2026-09-18,01:04,WPEA.PA,MSCI WORLD,6.982,6.77,30.0,209.46,6.36,3.13,2.38,1.17,6.75,100.0,A EXAMINER (peu de criteres)
2026-09-18,01:04,PSP5.PA,S&P500,58.44,57.87,2.0,116.88,1.14,0.98,-2.84,-2.45,6.75,100.0,A EXAMINER (peu de criteres)
2026-09-18,01:04,WPEA.PA,MSCI WORLD,6.982,6.59,60.0,418.92,23.52,5.95,19.54,4.94,6.75,100.0,A EXAMINER (peu de criteres)
2026-09-18,01:04,WPEA.PA,MSCI WORLD,6.982,6.48,2.0,13.96,1.0,7.72,-2.98,-22.99,6.75,100.0,A EXAMINER (peu de criteres)
2026-09-19,00:47,WPEA.PA,MSCI WORLD,6.963,6.77,30.0,208.89,5.79,2.85,1.81,0.89,6.75,100.0,A EXAMINER (peu de criteres)
2026-09-19,00:47,PSP5.PA,S&P500,58.47,57.87,2.0,116.94,1.2,1.04,-2.78,-2.4,6.75,100.0,A EXAMINER (peu de criteres)
2026-09-19,00:47,WPEA.PA,MSCI WORLD,6.963,6.59,60.0,417.78,22.38,5.66,18.4,4.65,6.75,100.0,A EXAMINER (peu de criteres)
2026-09-19,00:47,WPEA.PA,MSCI WORLD,6.963,6.48,2.0,13.93,0.97,7.48,-3.01,-23.23,6.75,100.0,A EXAMINER (peu de criteres)
2026-09-21,01:34,WPEA.PA,MSCI WORLD,7.049,6.77,30.0,211.47,8.37,4.12,4.39,2.16,7.72,100.0,A EXAMINER (peu de criteres)
2026-09-21,01:34,PSP5.PA,S&P500,59.24,57.87,2.0,118.48,2.74,2.37,-1.24,-1.07,7.72,100.0,A EXAMINER (peu de criteres)
2026-09-21,01:34,WPEA.PA,MSCI WORLD,7.049,6.59,60.0,422.94,27.54,6.97,23.56,5.96,7.72,100.0,A EXAMINER (peu de criteres)
2026-09-21,01:34,WPEA.PA,MSCI WORLD,7.049,6.48,2.0,14.1,1.14,8.8,-2.84,-21.91,7.72,100.0,A EXAMINER (peu de criteres)
2026-09-22,01:15,WPEA.PA,MSCI WORLD,7.093,6.77,30.0,212.79,9.69,4.77,5.71,2.81,7.72,100.0,A EXAMINER (peu de criteres)
2026-09-22,01:15,PSP5.PA,S&P500,59.64,57.87,2.0,119.28,3.54,3.06,-0.44,-0.38,7.72,100.0,A EXAMINER (peu de criteres)
2026-09-22,01:15,WPEA.PA,MSCI WORLD,7.093,6.59,60.0,425.58,30.18,7.63,26.2,6.63,7.72,100.0,A EXAMINER (peu de criteres)
2026-09-22,01:15,WPEA.PA,MSCI WORLD,7.093,6.48,2.0,14.19,1.23,9.49,-2.75,-21.22,7.72,100.0,A EXAMINER (peu de criteres)
2026-09-23,01:07,WPEA.PA,MSCI WORLD,7.079,6.77,30.0,212.37,9.27,4.56,5.29,2.6,7.72,100.0,A EXAMINER (peu de criteres)
2026-09-23,01:07,PSP5.PA,S&P500,59.58,57.87,2.0,119.16,3.42,2.95,-0.56,-0.48,7.72,100.0,A EXAMINER (peu de criteres)
2026-09-23,01:07,WPEA.PA,MSCI WORLD,7.079,6.59,60.0,424.74,29.34,7.42,25.36,6.41,7.72,100.0,A EXAMINER (peu de criteres)
2026-09-23,01:07,WPEA.PA,MSCI WORLD,7.079,6.48,2.0,14.16,1.2,9.26,-2.78,-21.45,7.72,100.0,A EXAMINER (peu de criteres)
2026-09-24,01:25,WPEA.PA,MSCI WORLD,7.037,6.77,30.0,211.11,8.01,3.94,4.03,1.98,7.72,100.0,A EXAMINER (peu de criteres)
2026-09-24,01:25,PSP5.PA,S&P500,59.3,57.87,2.0,118.6,2.86,2.47,-1.12,-0.97,7.72,100.0,A EXAMINER (peu de criteres)
2026-09-24,01:25,WPEA.PA,MSCI WORLD,7.037,6.59,60.0,422.22,26.82,6.78,22.84,5.78,7.72,100.0,A EXAMINER (peu de criteres)
2026-09-24,01:25,WPEA.PA,MSCI WORLD,7.037,6.48,2.0,14.07,1.11,8.56,-2.87,-22.15,7.72,100.0,A EXAMINER (peu de criteres)
2026-09-25,01:30,WPEA.PA,MSCI WORLD,7.068,6.77,30.0,212.04,8.94,4.4,4.96,2.44,7.72,100.0,A EXAMINER (peu de criteres)
2026-09-25,01:30,PSP5.PA,S&P500,59.51,57.87,2.0,119.02,3.28,2.83,-0.7,-0.6,7.72,100.0,A EXAMINER (peu de criteres)
2026-09-25,01:30,WPEA.PA,MSCI WORLD,7.068,6.59,60.0,424.08,28.68,7.25,24.7,6.25,7.72,100.0,A EXAMINER (peu de criteres)
2026-09-25,01:30,WPEA.PA,MSCI WORLD,7.068,6.48,2.0,14.14,1.18,9.1,-2.8,-21.6,7.72,100.0,A EXAMINER (peu de criteres)
2026-09-28,02:31,WPEA.PA,MSCI WORLD,7.048,6.77,30.0,211.44,8.34,4.11,4.36,2.15,6.75,100.0,A EXAMINER (peu de criteres)
2026-09-28,02:31,PSP5.PA,S&P500,59.37,57.87,2.0,118.74,3.0,2.59,-0.98,-0.85,7.72,100.0,A EXAMINER (peu de criteres)
2026-09-28,02:31,WPEA.PA,MSCI WORLD,7.048,6.59,60.0,422.88,27.48,6.95,23.5,5.94,6.75,100.0,A EXAMINER (peu de criteres)
2026-09-28,02:31,WPEA.PA,MSCI WORLD,7.048,6.48,2.0,14.1,1.14,8.8,-2.84,-21.91,6.75,100.0,A EXAMINER (peu de criteres)
2026-09-29,01:56,WPEA.PA,MSCI WORLD,7.055,6.77,30.0,211.65,8.55,4.21,4.57,2.25,6.75,100.0,A EXAMINER (peu de criteres)
2026-09-29,01:56,PSP5.PA,S&P500,59.46,57.87,2.0,118.92,3.18,2.75,-0.8,-0.69,7.16,100.0,A EXAMINER (peu de criteres)
2026-09-29,01:56,WPEA.PA,MSCI WORLD,7.055,6.59,60.0,423.3,27.9,7.06,23.92,6.05,6.75,100.0,A EXAMINER (peu de criteres)
2026-09-29,01:56,WPEA.PA,MSCI WORLD,7.055,6.48,2.0,14.11,1.15,8.87,-2.83,-21.84,6.75,100.0,A EXAMINER (peu de criteres)
2026-09-30,02:09,WPEA.PA,MSCI WORLD,7.08,6.77,30.0,212.4,9.3,4.58,7.22,3.55,7.72,100.0,A EXAMINER (peu de criteres)
2026-09-30,02:09,PSP5.PA,S&P500,59.71,57.87,2.0,119.42,3.68,3.18,2.5,2.16,7.72,100.0,A EXAMINER (peu de criteres)
2026-09-30,02:09,WPEA.PA,MSCI WORLD,7.08,6.59,60.0,424.8,29.4,7.44,25.43,6.43,7.72,100.0,A EXAMINER (peu de criteres)
2026-09-30,02:09,WPEA.PA,MSCI WORLD,7.08,6.48,2.0,14.16,1.2,9.26,1.07,8.26,7.72,100.0,A EXAMINER (peu de criteres)
2026-10-01,02:10,WPEA.PA,MSCI WORLD,7.062,6.77,30.0,211.86,8.76,4.31,6.68,3.29,7.16,100.0,A EXAMINER (peu de criteres)
2026-10-01,02:10,PSP5.PA,S&P500,59.69,57.87,2.0,119.38,3.64,3.14,2.46,2.13,7.72,100.0,A EXAMINER (peu de criteres)
2026-10-01,02:10,WPEA.PA,MSCI WORLD,7.062,6.59,60.0,423.72,28.32,7.16,24.35,6.16,7.16,100.0,A EXAMINER (peu de criteres)
2026-10-01,02:10,WPEA.PA,MSCI WORLD,7.062,6.48,2.0,14.12,1.16,8.95,1.03,7.95,7.16,100.0,A EXAMINER (peu de criteres)
2026-10-02,01:59,WPEA.PA,MSCI WORLD,7.128,6.77,30.0,213.84,10.74,5.29,8.65,4.26,7.72,100.0,A EXAMINER (peu de criteres)
2026-10-02,01:59,PSP5.PA,S&P500,60.26,57.87,2.0,120.52,4.78,4.13,3.6,3.11,7.72,100.0,A EXAMINER (peu de criteres)
2026-10-02,01:59,WPEA.PA,MSCI WORLD,7.128,6.59,60.0,427.68,32.28,8.16,28.31,7.16,7.72,100.0,A EXAMINER (peu de criteres)
2026-10-02,01:59,WPEA.PA,MSCI WORLD,7.128,6.48,2.0,14.26,1.3,10.03,1.17,9.03,7.72,100.0,A EXAMINER (peu de criteres)
2026-10-05,03:25,WPEA.PA,MSCI WORLD,7.189,6.77,30.0,215.67,12.57,6.19,10.47,5.16,7.72,100.0,A EXAMINER (peu de criteres)
2026-10-05,03:25,PSP5.PA,S&P500,60.84,57.87,2.0,121.68,5.94,5.13,4.75,4.1,8.13,100.0,A EXAMINER (peu de criteres)
2026-10-05,03:25,WPEA.PA,MSCI WORLD,7.189,6.59,60.0,431.34,35.94,9.09,31.97,8.09,7.72,100.0,A EXAMINER (peu de criteres)
2026-10-05,03:25,WPEA.PA,MSCI WORLD,7.189,6.48,2.0,14.38,1.42,10.96,1.29,9.95,7.72,100.0,A EXAMINER (peu de criteres)
